{
  "session_info": {
    "timestamp": "2025-12-12T19:34:05.498128",
    "task": "regression",
    "n_oscillators": 40,
    "n_layers": 4,
    "target_z": 0.75
  },
  "constants": {
    "Z_CRITICAL": 0.8660254037844386,
    "PHI": 1.618033988749895,
    "PHI_INV": 0.6180339887498948,
    "MU_S": 0.92
  },
  "training_history": {
    "loss": [
      0.5218678992241621,
      0.4568460453301668,
      0.3840338680893183,
      0.2724453378468752,
      0.2072671982459724,
      0.1322407319676131,
      0.10321634565480053,
      0.09043960459530354,
      0.08149432926438749,
      0.06937712035141885,
      0.0646058979909867,
      0.05711900093592703,
      0.05728330399142578,
      0.05710894876392558,
      0.05062886606901884,
      0.04879323235945776,
      0.04915471776621416,
      0.05008935322985053,
      0.044905989430844784,
      0.044646599737461656,
      0.045646224927622825,
      0.04408853058703244,
      0.04256531805731356,
      0.04419045220129192,
      0.04175346053671092,
      0.03971272084163502,
      0.039880769385490566,
      0.039261196565348655,
      0.03834446339169517,
      0.0391271723783575,
      0.03710276714991778,
      0.03731082676677033,
      0.03783914656378329,
      0.03496321360580623,
      0.038414479640778154,
      0.03687776462174952,
      0.03627534589031711,
      0.03785534837516025,
      0.03860202297801152,
      0.03369707701494917,
      0.03617193113313988,
      0.03680577332852408,
      0.038471123087219894,
      0.034809651609975845,
      0.035612986132036895,
      0.035718526458367705,
      0.03871024487307295,
      0.03779652446974069,
      0.03578690643189475,
      0.03983707050792873
    ],
    "coherence": [
      0.8627561405301094,
      0.8413568884134293,
      0.8638713173568249,
      0.8563955128192902,
      0.8961360864341259,
      0.8709886856377125,
      0.8789033629000187,
      0.9369459971785545,
      0.9701819308102131,
      0.9244567155838013,
      0.9381435997784138,
      0.9406144730746746,
      0.9402498751878738,
      0.9591811634600163,
      0.9122393280267715,
      0.9324214346706867,
      0.9363041408360004,
      0.9309323169291019,
      0.9304906390607357,
      0.9378095641732216,
      0.9085493981838226,
      0.9308431632816792,
      0.9274051748216152,
      0.8987094424664974,
      0.9264321886003017,
      0.9003503993153572,
      0.9226174429059029,
      0.9127887710928917,
      0.9068949520587921,
      0.8947760239243507,
      0.9094243459403515,
      0.9085977636277676,
      0.9226098395884037,
      0.8886383399367332,
      0.9153162017464638,
      0.929970033466816,
      0.908880453556776,
      0.9141692742705345,
      0.957352552562952,
      0.8888847827911377,
      0.934292409569025,
      0.955059390515089,
      0.9368821457028389,
      0.9130060337483883,
      0.920660462230444,
      0.9118103720247746,
      0.9395352117717266,
      0.9674103446304798,
      0.8960809968411922,
      0.9580520577728748
    ],
    "z": [
      0.1303436434827745,
      0.18366558104753494,
      0.23092193715274334,
      0.2754260469228029,
      0.316507950425148,
      0.3539971839636564,
      0.3891611360013485,
      0.4224904887378216,
      0.4555118139833212,
      0.48520556278526783,
      0.511609798297286,
      0.5367515161633492,
      0.5590086542069912,
      0.5797399021685123,
      0.5981514789164066,
      0.6144413538277149,
      0.6300602927803993,
      0.6439248807728291,
      0.6562902517616749,
      0.6675369180738926,
      0.6775266863405704,
      0.686542920768261,
      0.694935604929924,
      0.7020270116627216,
      0.7085410580039024,
      0.7142365649342537,
      0.719205915927887,
      0.7238764613866806,
      0.7280385084450245,
      0.7314737737178802,
      0.7346782311797142,
      0.7379823215305805,
      0.7406313605606556,
      0.7427478842437267,
      0.744263056665659,
      0.7467956356704235,
      0.7483349964022636,
      0.7499214261770248,
      0.7529603131115437,
      0.7547629736363888,
      0.7557000108063221,
      0.7573138140141964,
      0.7586482688784599,
      0.7599431462585926,
      0.7614006213843822,
      0.7621526978909969,
      0.7626651600003242,
      0.764400877058506,
      0.7647929787635803,
      0.7653470784425735
    ],
    "tier": [
      2,
      3,
      3,
      3,
      3,
      3,
      4,
      4,
      4,
      4,
      4,
      4,
      4,
      4,
      5,
      5,
      5,
      5,
      5,
      5,
      5,
      5,
      5,
      5,
      5,
      5,
      5,
      5,
      5,
      5,
      5,
      5,
      5,
      5,
      5,
      5,
      5,
      6,
      6,
      6,
      6,
      6,
      6,
      6,
      6,
      6,
      6,
      6,
      6,
      6
    ],
    "k_formations": [
      7,
      7,
      8,
      7,
      9,
      6,
      5,
      10,
      13,
      6,
      8,
      8,
      8,
      11,
      4,
      7,
      8,
      7,
      7,
      8,
      5,
      7,
      7,
      3,
      7,
      4,
      7,
      6,
      5,
      4,
      6,
      6,
      8,
      4,
      7,
      9,
      6,
      7,
      12,
      4,
      9,
      12,
      10,
      7,
      8,
      7,
      10,
      13,
      5,
      12
    ]
  },
  "learned_features": {
    "kuramoto_layers": [
      {
        "layer_idx": 0,
        "K_global": 0.6398141980171204,
        "K_frobenius_norm": 3.6490478515625,
        "K_mean": 0.008595815859735012,
        "K_std": 0.0908203199505806,
        "K_spectral_radius": 1.2568199634552002,
        "omega_mean": -0.009297208860516548,
        "omega_std": 0.09507464617490768,
        "coupling_strength": 0.07382315397262573,
        "top_eigenvalues": [
          0.721854567527771,
          0.7551453709602356,
          0.7705884575843811,
          1.1479250192642212,
          1.3515042066574097
        ]
      },
      {
        "layer_idx": 1,
        "K_global": 0.58778315782547,
        "K_frobenius_norm": 3.2167088985443115,
        "K_mean": 0.008179103955626488,
        "K_std": 0.08000070601701736,
        "K_spectral_radius": 0.8901839256286621,
        "omega_mean": 0.006247007288038731,
        "omega_std": 0.0998493880033493,
        "coupling_strength": 0.0639369785785675,
        "top_eigenvalues": [
          0.5499087572097778,
          0.675045907497406,
          0.7092970013618469,
          1.067325234413147,
          1.2367429733276367
        ]
      },
      {
        "layer_idx": 2,
        "K_global": 0.5800947546958923,
        "K_frobenius_norm": 3.265836477279663,
        "K_mean": 0.008526153862476349,
        "K_std": 0.08119950443506241,
        "K_spectral_radius": 0.8088677525520325,
        "omega_mean": -0.029936444014310837,
        "omega_std": 0.10058371722698212,
        "coupling_strength": 0.06545776128768921,
        "top_eigenvalues": [
          0.7030620574951172,
          0.7428586483001709,
          0.8857753872871399,
          0.9018785357475281,
          1.1966649293899536
        ]
      },
      {
        "layer_idx": 3,
        "K_global": 0.5862842202186584,
        "K_frobenius_norm": 3.1634316444396973,
        "K_mean": 0.01768321357667446,
        "K_std": 0.07708349823951721,
        "K_spectral_radius": 0.797150194644928,
        "omega_mean": -0.0027943276800215244,
        "omega_std": 0.09735099226236343,
        "coupling_strength": 0.062137193977832794,
        "top_eigenvalues": [
          0.6519389152526855,
          0.6808335185050964,
          0.7081528306007385,
          0.8768180012702942,
          1.3885612487792969
        ]
      }
    ]
  },
  "summary": {
    "final_loss": 0.03983707050792873,
    "best_loss": 0.03369707701494917,
    "final_coherence": 0.9580520577728748,
    "max_coherence": 0.9701819308102131,
    "final_z": 0.7653470784425735,
    "final_tier": 6,
    "total_k_formations": 371,
    "z_crossed_critical": false
  }
}