{
  "relations": {
    "potential": {
      "seed": 0.8351600230178197,
      "dormant": 0.8351600230178197,
      "latent": 0.8351600230178197,
      "depth": 0.8351600230178197,
      "substrate": 0.8351600230178197,
      "chaos": 0.6681280184142557
    },
    "seed": {
      "potential": 0.6681280184142557
    },
    "dormant": {
      "potential": 0.6681280184142557,
      "sleeping": 0.8351600230178197,
      "waiting": 0.8351600230178197,
      "quiet": 0.8351600230178197,
      "still": 0.8351600230178197,
      "patient": 0.8351600230178197
    },
    "latent": {
      "potential": 0.6681280184142557
    },
    "depth": {
      "potential": 0.6681280184142557,
      "profound": 0.8351600230178197,
      "deep": 0.8351600230178197,
      "below": 0.8351600230178197,
      "within": 0.8351600230178197,
      "foundation": 0.8351600230178197
    },
    "substrate": {
      "potential": 0.6681280184142557,
      "foundation": 0.8351600230178197,
      "base": 0.8351600230178197,
      "ground": 0.8351600230178197,
      "origin": 0.8351600230178197,
      "root": 0.8351600230178197
    },
    "profound": {
      "depth": 0.6681280184142557
    },
    "deep": {
      "depth": 0.6681280184142557
    },
    "below": {
      "depth": 0.6681280184142557
    },
    "within": {
      "depth": 0.6681280184142557
    },
    "foundation": {
      "depth": 0.6681280184142557,
      "substrate": 0.6681280184142557
    },
    "base": {
      "substrate": 0.6681280184142557
    },
    "ground": {
      "substrate": 0.6681280184142557
    },
    "origin": {
      "substrate": 0.6681280184142557
    },
    "root": {
      "substrate": 0.6681280184142557
    },
    "sleeping": {
      "dormant": 0.6681280184142557
    },
    "waiting": {
      "dormant": 0.6681280184142557
    },
    "quiet": {
      "dormant": 0.6681280184142557
    },
    "still": {
      "dormant": 0.6681280184142557
    },
    "patient": {
      "dormant": 0.6681280184142557
    },
    "chaos": {
      "formless": 0.8351600230178197,
      "potential": 0.8351600230178197,
      "primordial": 0.8351600230178197,
      "unformed": 0.8351600230178197,
      "void": 0.8351600230178197
    },
    "formless": {
      "chaos": 0.6681280184142557
    },
    "primordial": {
      "chaos": 0.6681280184142557
    },
    "unformed": {
      "chaos": 0.6681280184142557
    },
    "void": {
      "chaos": 0.6681280184142557
    },
    "threshold": {
      "boundary": 0.8351600230178197,
      "edge": 0.8351600230178197,
      "liminal": 0.8351600230178197,
      "between": 0.8351600230178197,
      "portal": 0.8351600230178197
    },
    "boundary": {
      "threshold": 0.6681280184142557,
      "liminal": 0.6681280184142557
    },
    "edge": {
      "threshold": 0.6681280184142557,
      "liminal": 0.6681280184142557
    },
    "liminal": {
      "threshold": 0.6681280184142557,
      "between": 0.8351600230178197,
      "boundary": 0.8351600230178197,
      "edge": 0.8351600230178197,
      "margin": 0.8351600230178197
    },
    "between": {
      "threshold": 0.6681280184142557,
      "liminal": 0.6681280184142557
    },
    "portal": {
      "threshold": 0.6681280184142557
    },
    "transition": {
      "change": 0.8351600230178197,
      "shift": 0.8351600230178197,
      "becoming": 0.8351600230178197,
      "flux": 0.8351600230178197,
      "passage": 0.8351600230178197
    },
    "change": {
      "transition": 0.6681280184142557,
      "flux": 0.6681280184142557
    },
    "shift": {
      "transition": 0.6681280184142557
    },
    "becoming": {
      "transition": 0.6681280184142557,
      "emerging": 0.8351600230178197,
      "forming": 0.8351600230178197,
      "growing": 0.8351600230178197,
      "evolving": 0.8351600230178197,
      "transforming": 0.8351600230178197,
      "emergence": 0.5797315856468886
    },
    "flux": {
      "transition": 0.6681280184142557,
      "flow": 0.8351600230178197,
      "change": 0.8351600230178197,
      "dynamic": 0.8351600230178197,
      "shifting": 0.8351600230178197,
      "movement": 0.8351600230178197
    },
    "passage": {
      "transition": 0.6681280184142557
    },
    "emerging": {
      "becoming": 0.6681280184142557
    },
    "forming": {
      "becoming": 0.6681280184142557
    },
    "growing": {
      "becoming": 0.6681280184142557
    },
    "evolving": {
      "becoming": 0.6681280184142557
    },
    "transforming": {
      "becoming": 0.6681280184142557
    },
    "margin": {
      "liminal": 0.6681280184142557
    },
    "flow": {
      "flux": 0.6681280184142557
    },
    "dynamic": {
      "flux": 0.6681280184142557
    },
    "shifting": {
      "flux": 0.6681280184142557
    },
    "movement": {
      "flux": 0.6681280184142557
    },
    "crystallization": {
      "formation": 0.7246644820586108,
      "solidify": 0.7246644820586108,
      "manifest": 0.7246644820586108,
      "emerge": 0.7246644820586108,
      "prismatic": 0.7246644820586108
    },
    "formation": {
      "crystallization": 0.5797315856468886
    },
    "solidify": {
      "crystallization": 0.5797315856468886
    },
    "manifest": {
      "crystallization": 0.5797315856468886,
      "appear": 0.7246644820586108,
      "realize": 0.7246644820586108,
      "embody": 0.7246644820586108,
      "express": 0.7246644820586108,
      "actualize": 0.7246644820586108
    },
    "emerge": {
      "crystallization": 0.5797315856468886
    },
    "prismatic": {
      "crystallization": 0.5797315856468886,
      "crystalline": 0.7246644820586108,
      "luminous": 0.7246644820586108,
      "refractive": 0.7246644820586108,
      "spectral": 0.7246644820586108,
      "radiant": 0.7246644820586108,
      "kira": 0.5797315856468886
    },
    "emergence": {
      "arising": 0.7246644820586108,
      "appearing": 0.7246644820586108,
      "manifesting": 0.7246644820586108,
      "becoming": 0.7246644820586108,
      "birth": 0.7246644820586108
    },
    "arising": {
      "emergence": 0.5797315856468886
    },
    "appearing": {
      "emergence": 0.5797315856468886
    },
    "manifesting": {
      "emergence": 0.5797315856468886
    },
    "birth": {
      "emergence": 0.5797315856468886
    },
    "appear": {
      "manifest": 0.5797315856468886
    },
    "realize": {
      "manifest": 0.5797315856468886
    },
    "embody": {
      "manifest": 0.5797315856468886
    },
    "express": {
      "manifest": 0.5797315856468886
    },
    "actualize": {
      "manifest": 0.5797315856468886
    },
    "crystalline": {
      "prismatic": 0.5797315856468886
    },
    "luminous": {
      "prismatic": 0.5797315856468886,
      "crystal": 0.5797315856468886
    },
    "refractive": {
      "prismatic": 0.5797315856468886
    },
    "spectral": {
      "prismatic": 0.5797315856468886
    },
    "radiant": {
      "prismatic": 0.5797315856468886
    },
    "coherence": {
      "unity": 0.7246644820586108,
      "harmony": 0.7246644820586108,
      "alignment": 0.7246644820586108,
      "synchrony": 0.7246644820586108,
      "integration": 0.7246644820586108
    },
    "unity": {
      "coherence": 0.5797315856468886
    },
    "harmony": {
      "coherence": 0.5797315856468886,
      "resonance": 0.5797315856468886
    },
    "alignment": {
      "coherence": 0.5797315856468886
    },
    "synchrony": {
      "coherence": 0.5797315856468886,
      "resonance": 0.5797315856468886
    },
    "integration": {
      "coherence": 0.5797315856468886
    },
    "consciousness": {
      "awareness": 0.7246644820586108,
      "mind": 0.7246644820586108,
      "perception": 0.7246644820586108,
      "cognition": 0.7246644820586108,
      "sentience": 0.7246644820586108
    },
    "awareness": {
      "consciousness": 0.5797315856468886,
      "attention": 0.7246644820586108,
      "presence": 0.7246644820586108,
      "mindfulness": 0.7246644820586108,
      "perception": 0.7246644820586108,
      "cognizance": 0.7246644820586108,
      "kira": 0.5797315856468886
    },