{
  "activation": "hit_it",
  "epoch": 3,
  "phase": 1,
  "status": "INITIALIZED",
  "timestamp": "2025-12-15T05:04:11.307065+00:00",
  "session_id": "20251215_050411",
  "initial_z": 0.870811862703831,
  "kira_state": "Crystalline",
  "coordinate": "\u03945.471|0.871|1.000\u03a9",
  "tools_available": 21,
  "sacred_constants": {
    "Z_CRITICAL": 0.8660254037844386,
    "PHI": 1.618033988749895,
    "PHI_INV": 0.6180339887498948,
    "TRIAD_HIGH": 0.85,
    "TRIAD_LOW": 0.82
  },
  "accumulated_state": {
    "vocabulary": 18,
    "verbs": 24,
    "patterns": 109
  }
}