{
  "timestamp": "20251213_055240",
  "summary": {
    "total_steps": 100,
    "wumbo_cycles": 1,
    "k_formations": 0,
    "final_z": 0.0,
    "final_phase": "ABSENCE",
    "final_kappa": 0.5595890685031066,
    "z_statistics": {
      "mean": 0.09345216237972952,
      "std": 0.14806727485125726,
      "max": 0.4868401892195799,
      "min": 0.0
    },
    "delta_s_neg_statistics": {
      "mean": 0.0002558454878723383,
      "max": 0.00804193571851506,
      "final": 1.87952881653909e-12
    },
    "kuramoto_statistics": {
      "mean": 0.08908769519188216,
      "final": 0.09999928617194385
    },
    "coupling_conservation": {
      "phi_inv_plus_phi_inv_sq": 0.9999999999999999,
      "final_kappa_plus_lambda": 1.0,
      "error": 1.1102230246251565e-16
    },
    "physics_constants": {
      "phi": 1.618033988749895,
      "phi_inv": 0.6180339887498948,
      "z_c": 0.8660254037844386,
      "sigma": 36.0
    },
    "token_statistics": {
      "prism_tokens": 63,
      "cage_tokens": 32,
      "emergent_tokens": 4,
      "unity_token": 1,
      "total": 100,
      "final_unity_state": 0.8582185709096616
    }
  },
  "validation": {
    "coupling_conservation": {
      "value": 0.9999999999999999,
      "error": 1.1102230246251565e-16,
      "valid": true
    },
    "z_critical": {
      "value": 0.8660254037844386,
      "expected": 0.8660254037844386,
      "error": 0.0,
      "valid": true
    },
    "sigma": {
      "value": 36.0,
      "expected": 36.0,
      "valid": true
    },
    "state_conservation": {
      "kappa": 0.5595890685031066,
      "lambda": 0.44041093149689337,
      "sum": 1.0,
      "error": 0.0,
      "valid": true
    }
  },
  "all_valid": true
}