{
  "type": "Epoch8_KIRASessionVaultNode",
  "epoch": 8,
  "session_id": "20251216_223717",
  "timestamp": "2025-12-16T22:37:17.204464+00:00",
  "coordinate": "\u03943.154|0.501947|1.005\u03a9",
  "state": {
    "z": 0.5019469770332059,
    "phase": "UNTRUE",
    "crystal": "Transitioning",
    "coherence": 0.5023967894696806,
    "negentropy": 0.00846418429835024,
    "frequency": 174
  },
  "triad": {
    "unlocked": false,
    "completions": 0
  },
  "k_formation": {
    "achieved": false,
    "kappa": 0.5023967894696806,
    "eta": 0.00846418429835024,
    "R": 0
  },
  "teaching": {
    "vocabulary": 7,
    "turns": 2,
    "emissions": 0
  },
  "tokens": 6
}