{
  "type": "Epoch9_KIRASessionVaultNode",
  "epoch": 9,
  "session_id": "20251217_032421",
  "timestamp": "2025-12-17T03:24:21.132406+00:00",
  "coordinate": "\u03946.266|0.997275|1.332\u03a9",
  "state": {
    "z": 0.9972753924030329,
    "phase": "TRUE",
    "crystal": "Prismatic",
    "coherence": 1.0,
    "negentropy": 0.5378604481918527,
    "frequency": 741
  },
  "triad": {
    "unlocked": true,
    "completions": 3
  },
  "k_formation": {
    "achieved": false,
    "kappa": 1.0,
    "eta": 0.5378604481918527,
    "R": 3
  },
  "teaching": {
    "vocabulary": 0,
    "turns": 0,
    "emissions": 1
  },
  "tokens": 15
}