{
  "total_steps": 499,
  "metrics_recorded": 500,
  "metrics": {
    "z": {
      "count": 500,
      "mean": 0.864259237015302,
      "std": 0.024865640436156338,
      "min": 0.5494682307909448,
      "max": 0.8802755670513365,
      "latest": 0.8526851155440343
    },
    "kappa": {
      "count": 500,
      "mean": 0.5748488408009159,
      "std": 0.00970025397053734,
      "min": 0.5647630314119457,
      "max": 0.6516150480471355,
      "latest": 0.5715806633819808
    },
    "lambda": {
      "count": 500,
      "mean": 0.42515115919908414,
      "std": 0.00970025397053734,
      "min": 0.34838495195286445,
      "max": 0.4352369685880543,
      "latest": 0.42841933661801923
    },
    "negentropy": {
      "count": 500,
      "mean": 0.9875865742107912,
      "std": 0.06931350489423649,
      "min": 0.02711945326791554,
      "max": 0.9984855100142024,
      "latest": 0.9936138005547833
    },
    "stillness": {
      "count": 500,
      "mean": 0.9875865742107912,
      "std": 0.06931350489423649,
      "min": 0.02711945326791554,
      "max": 0.9984855100142024,
      "latest": 0.9936138005547833
    },
    "conservation_error": {
      "count": 500,
      "mean": 0.0,
      "std": 0.0,
      "min": 0.0,
      "max": 0.0,
      "latest": 0.0
    },
    "k_formed": {
      "count": 500,
      "mean": 0.02,
      "std": 0.1401402103506136,
      "min": 0.0,
      "max": 1.0,
      "latest": 0.0
    }
  },
  "generated_at": "2025-12-13T16:20:23.989068"
}