{
  "phase": 3,
  "name": "Bridge Tools",
  "modules": [
    8,
    9,
    10,
    11,
    12,
    13,
    14
  ],
  "z_start": 0.935129,
  "z_end": 0.935258
}