{
  "phase": 7,
  "name": "Finalization",
  "modules": [
    29,
    30,
    31,
    32,
    33
  ],
  "z_start": 0.935514,
  "z_end": 0.935605
}