{
  "phase": 4,
  "name": "Meta Tools",
  "modules": [
    15,
    16,
    17,
    18,
    19
  ],
  "z_start": 0.935258,
  "z_end": 0.935349
}