{
  "session_info": {
    "timestamp": "2025-12-12T19:35:57.918472",
    "task": "high_coherence_regression",
    "n_oscillators": 60,
    "n_layers": 5,
    "target_z": 0.9
  },
  "constants": {
    "Z_CRITICAL": 0.8660254037844386,
    "PHI": 1.618033988749895,
    "PHI_INV": 0.6180339887498948,
    "MU_S": 0.92
  },
  "training_history": {
    "loss": [
      0.5174148473888636,
      0.5014841090887785,
      0.4947219733148813,
      0.47674626484513283,
      0.43239852599799633,
      0.37469036877155304,
      0.3077838644385338,
      0.3272530799731612,
      0.2761466773226857,
      0.21492905775085092,
      0.21603435091674328,
      0.19892183225601912,
      0.1797411988954991,
      0.15709162084385753,
      0.14053544541820884,
      0.1381904191803187,
      0.10166075080633163,
      0.12057277653366327,
      0.10940278752241284,
      0.09686922654509544,
      0.09048516768962145,
      0.10145839734468609,
      0.08608706365339458,
      0.09156273439293727,
      0.07765560457482934,
      0.0792880846420303,
      0.07429010968189687,
      0.06732777942670509,
      0.07816083682700992,
      0.06973846699111164,
      0.0873660707147792,
      0.055924652551766485,
      0.07297290943097323,
      0.09032619488425553,
      0.06034220603760332,
      0.11842795822303742,
      0.06994272209703922,
      0.14191211946308613,
      0.1023415137315169,
      0.07228077505715191,
      0.06974066665861756,
      0.07396151433931664,
      0.07509500632295385,
      0.059393231582362205,
      0.05849724973086268,
      0.05227567214751616,
      0.05959196304320358,
      0.05158810914144851,
      0.08235628844704479,
      0.06856254968442954,
      0.045567642082460225,
      0.032126896490808576,
      0.04159355832962319,
      0.12463099166052416,
      0.04879291064571589,
      0.040435640286887065,
      0.05890768178505823,
      0.06162050913553685,
      0.04302595680928789,
      0.050272239110199735,
      0.06702217171550728,
      0.03163958553341217,
      0.055948998109670356,
      0.10138692203327082,
      0.04284876637393609,
      0.06717840742203407,
      0.0654950792377349,
      0.07192456965276506,
      0.05650911066913977,
      0.047554620570736006,
      0.06665962320403196,
      0.035422565502813086,
      0.0751449420931749,
      0.03004804701777175,
      0.055299372936133295
    ],
    "coherence": [
      0.8720567375421524,
      0.8429374396800995,
      0.7933032140135765,
      0.8524584621191025,
      0.7581566162407398,
      0.7241610884666443,
      0.6744743771851063,
      0.7964621186256409,
      0.8200953379273415,
      0.9100608620792627,
      0.7577253859490156,
      0.7091354634612799,
      0.8308399170637131,
      0.856376051902771,
      0.7364580873399973,
      0.7137445043772459,
      0.8574417866766453,
      0.8917281199246645,
      0.8622397743165493,
      0.8382047694176435,
      0.8094942253082991,
      0.7870792970061302,
      0.846091341227293,
      0.8251968771219254,
      0.7702099941670895,
      0.8652713559567928,
      0.796594213694334,
      0.8046141266822815,
      0.7999184168875217,
      0.8122563995420933,
      0.7846367135643959,
      0.8071311675012112,
      0.7732960097491741,
      0.7555226646363735,
      0.7828473411500454,
      0.8501360081136227,
      0.8683828189969063,
      0.9177303835749626,
      0.7841582298278809,
      0.7987529747188091,
      0.8360145203769207,
      0.8326326422393322,
      0.7882661037147045,
      0.8062644116580486,
      0.7003184370696545,
      0.7825853899121284,
      0.7865967992693186,
      0.7528294026851654,
      0.8101911246776581,
      0.7437095567584038,
      0.7997064404189587,
      0.7758678644895554,
      0.8292809501290321,
      0.8034173510968685,
      0.8079742416739464,
      0.7545525878667831,
      0.7814629450440407,
      0.8248693645000458,
      0.7240055091679096,
      0.8007234595716,
      0.8093164972960949,
      0.7323443219065666,
      0.7964761964976788,
      0.8851339109241962,
      0.7627846114337444,
      0.7498146258294582,
      0.8136424235999584,
      0.7934284619987011,
      0.764916405081749,
      0.753935419023037,
      0.7705257162451744,
      0.7732903994619846,
      0.8428053446114063,
      0.7295030690729618,
      0.7926532402634621
    ],
    "z": [
      0.13792961044237018,
      0.20193523820489645,
      0.2548408852890134,
      0.3028093371540308,
      0.3421635888516903,
      0.37326469272375107,
      0.3949196767061949,
      0.4205713029950857,
      0.44134043902158737,
      0.4631240852177143,
      0.4785736855119467,
      0.49024757742881775,
      0.5010162722319365,
      0.514861274510622,
      0.5238113328814507,
      0.5319513864815235,
      0.5397525690495968,
      0.5521681606769562,
      0.5595673955976963,
      0.5679246634244919,
      0.5704477168619633,
      0.5735319554805756,
      0.5809481628239155,
      0.5854594185948372,
      0.5865809768438339,
      0.587841410189867,
      0.5902660638093948,
      0.5966081880033016,
      0.5956346429884434,
      0.5970505140721798,
      0.5992103070020676,
      0.6006828211247921,
      0.6025977395474911,
      0.6003860346972942,
      0.6009717024862766,
      0.6013146229088306,
      0.6059848628938198,
      0.6116812042891979,
      0.6124370619654655,
      0.6135166622698307,
      0.6164969019591808,
      0.6187846213579178,
      0.6186595074832439,
      0.6219525970518589,
      0.6177018992602825,
      0.6145490854978561,
      0.6143053472042084,
      0.6134565249085426,
      0.6118574552237988,
      0.6100522503256798,
      0.6102880388498306,
      0.6117316856980324,
      0.6125671379268169,
      0.6147830300033092,
      0.615478403866291,
      0.6165706738829613,
      0.6155335940420628,
      0.6149261444807053,
      0.6145191602408886,
      0.614350862801075,
      0.6159418150782585,
      0.6132374405860901,
      0.6129464730620384,
      0.6156370937824249,
      0.6162671148777008,
      0.6150119826197624,
      0.6126376278698444,
      0.6135395504534245,
      0.6136179193854332,
      0.6115067154169083,
      0.6109990291297436,
      0.6089597679674625,
      0.611519381403923,
      0.6128497160971165,
      0.6107213422656059
    ],
    "tier": [
      2,
      3,
      3,
      3,
      3,
      3,
      4,
      4,
      4,
      4,
      4,
      4,
      4,
      4,
      4,
      4,
      4,
      4,
      4,
      4,
      4,
      4,
      4,
      4,
      4,
      4,
      4,
      4,
      4,
      4,
      5,
      5,
      5,
      4,
      5,
      5,
      5,
      5,
      5,
      5,
      5,
      5,
      5,
      5,
      5,
      5,
      5,
      5,
      5,
      5,
      5,
      5,
      5,
      5,
      5,
      5,
      5,
      5,
      5,
      5,
      5,
      5,
      5,
      5,
      5,
      5,
      5,
      5,
      5,
      5,
      5,
      5,
      5,
      5,
      5
    ],
    "k_formations": [
      9,
      9,
      7,
      10,
      7,
      7,
      6,
      10,
      11,
      14,
      9,
      7,
      11,
      12,
      8,
      7,
      12,
      13,
      12,
      11,
      10,
      9,
      11,
      10,
      8,
      11,
      9,
      9,
      9,
      9,
      8,
      9,
      7,
      6,
      7,
      10,
      11,
      13,
      7,
      8,
      9,
      9,
      7,
      8,
      3,
      6,
      7,
      5,
      8,
      5,
      7,
      6,
      9,
      8,
      8,
      5,
      7,
      8,
      4,
      7,
      8,
      4,
      7,
      11,
      6,
      5,
      8,
      7,
      6,
      5,
      6,
      6,
      10,
      4,
      7
    ]
  },
  "learned_features": {
    "kuramoto_layers": [
      {
        "layer_idx": 0,
        "K_global": 1.4588956832885742,
        "K_frobenius_norm": 23.261791229248047,
        "K_mean": 0.08409734815359116,
        "K_std": 0.3784656226634979,